{"cameraMode":{"drawMode":0,"name":"Shaded","section":"Shading Mode"},"sceneLighting":true,"audioPlay":false,"sceneViewState":{"showFog":true,"showMaterialUpdate":false,"showSkybox":true,"showFlares":true,"showImageEffects":true,"showParticleSystems":true},"in2DMode":false,"pivot":{"x":22.696748733520509,"y":-7.207486152648926,"z":5.471254348754883},"rotation":{"x":0.23655284941196443,"y":0.47162121534347536,"z":-0.1329723447561264,"w":0.8390146493911743},"size":19.03026008605957,"orthographic":false}